,Unnamed: 0.1,Unnamed: 0,patent_id,inventor_id,GMI1yr_prevexpabroad,inventor_iso2,cpc_id,location_id,assigneeid,time
0,96,2178158,4930071,4930071-2,0,IN,G06N,p574md37u7wi,83131.0,1987/6/19
1,97,5828191,6757665,6757665-3,0,IN,G06N,w6gkusdabifu,299185.0,1999/9/28
2,98,6170606,6904421,6735578-1,0,IN,G06N,gby60ol0g4jd,132030.0,2001/4/26
3,104,6695281,7127435,6735578-1,0,IN,G06N,gby60ol0g4jd,132030.0,2001/7/3
4,99,6287581,6954744,6735578-1,0,IN,G06N,gby60ol0g4jd,132030.0,2001/8/29
5,100,6287582,6954744,6735578-2,0,IN,G06N,gby60ol0g4jd,132030.0,2001/8/29
6,111,7146001,7313550,7313550-7,0,IN,G06N,lnfy7ldpzvmk,330377.0,2002/3/27
7,110,7146000,7313550,7313550-6,0,IN,G06N,lnfy7ldpzvmk,330377.0,2002/3/27
8,109,7145999,7313550,7313550-5,0,IN,G06N,lnfy7ldpzvmk,330377.0,2002/3/27
9,108,7145998,7313550,7313550-4,0,IN,G06N,lnfy7ldpzvmk,330377.0,2002/3/27
10,106,7145996,7313550,7313550-2,0,IN,G06N,ro1y18ekr3rb,330377.0,2002/3/27
11,105,7145995,7313550,5401843-3,0,IN,G06N,ro1y18ekr3rb,330377.0,2002/3/27
12,107,7145997,7313550,7313550-3,0,IN,G06N,ro1y18ekr3rb,330377.0,2002/3/27
14,101,6621045,7096437,5242864-3,0,IN,G06N,6k3pgvchllz8,266420.0,2003/10/7
13,102,6621047,7096437,7096437-3,0,IN,G06N,6k3pgvchllz8,266420.0,2003/10/7
15,117,7523142,7467123,7467123-1,0,IN,G06N,dp903o1s35c1,403562.0,2004/11/1
16,118,7523143,7467123,7467123-2,0,IN,G06N,dp903o1s35c1,403562.0,2004/11/1
17,103,6629102,7099852,6757665-3,0,IN,G06N,w6gkusdabifu,223101.0,2004/4/15
18,116,7500470,7457788,7457788-1,0,IN,G06N,6jpxcd9ubwy3,143426.0,2004/6/10
19,113,7396256,7415683,5242864-3,0,IN,G06N,6k3pgvchllz8,266420.0,2005/12/15
20,114,7396258,7415683,7096437-3,0,IN,G06N,6k3pgvchllz8,266420.0,2005/12/15
21,120,8007111,7660774,7233932-1,0,IN,G06N,gby60ol0g4jd,132030.0,2005/6/24
22,121,8007112,7660774,7233932-2,0,IN,G06N,gby60ol0g4jd,132030.0,2005/6/24
23,115,7441236,7433854,6938000-1,0,IN,G06N,tl3v8038ws3b,132030.0,2005/7/21
24,112,7331233,7389278,6757665-3,0,IN,G06N,kygslodbrhqn,299185.0,2005/7/27
25,124,8193296,7734451,7734451-4,0,IN,G06N,gby60ol0g4jd,132030.0,2006/10/18
26,119,7998693,7657498,7657498-1,0,IN,G06N,gby60ol0g4jd,355180.0,2006/11/15
28,123,8147075,7716151,7716151-1,0,IN,G06N,gby60ol0g4jd,319706.0,2006/2/13
27,122,8147074,7716151,7546222-2,0,IN,G06N,gby60ol0g4jd,319706.0,2006/2/13
29,150,9728265,8332347,8200589-2,0,IN,G06N,ro1y18ekr3rb,93601.0,2006/7/28
30,151,9728266,8332347,8200589-3,0,IN,G06N,ro1y18ekr3rb,93601.0,2006/7/28
31,149,9728264,8332347,6636484-1,0,IN,G06N,ro1y18ekr3rb,93601.0,2006/7/28
32,125,8364986,7801836,7349919-5,0,IN,G06N,dp903o1s35c1,319706.0,2006/9/28
33,126,8742705,7949622,7949622-1,0,IN,G06N,gby60ol0g4jd,274630.0,2007/12/13
34,162,10137898,8489530,7349919-5,0,IN,G06N,24n934aekjoa,319706.0,2007/12/3
35,163,10137899,8489530,8489530-1,0,IN,G06N,zfiwmyvis0p6,319706.0,2007/12/3
36,165,10137901,8489530,8489530-4,0,IN,G06N,9kbsjsm173vu,319706.0,2007/12/3
37,164,10137900,8489530,8489530-2,0,IN,G06N,gby60ol0g4jd,319706.0,2007/12/3
38,134,9117572,8095488,7120728-6,0,IN,G06N,ro1y18ekr3rb,173867.0,2007/12/31
39,133,9117570,8095488,6477540-3,0,IN,G06N,ro1y18ekr3rb,173867.0,2007/12/31
40,135,9117573,8095488,8095488-4,0,IN,G06N,ro1y18ekr3rb,173867.0,2007/12/31
41,231,11324636,8938218,8761376-1,0,IN,G06N,qtzuc79bhw39,190103.0,2007/6/6
42,142,9557011,8266090,7831526-4,0,IN,G06N,dp903o1s35c1,281706.0,2007/8/31
43,140,9557009,8266090,7831526-2,0,IN,G06N,vphflsvwiifb,281706.0,2007/8/31
44,141,9557010,8266090,7831526-3,0,IN,G06N,dp903o1s35c1,281706.0,2007/8/31
45,152,9812326,8364614,7979366-1,0,IN,G06N,gby60ol0g4jd,353793.0,2008/1/8
46,130,9016218,8055596,7979366-2,0,IN,G06N,gby60ol0g4jd,353793.0,2008/1/8
47,127,8818672,7979366,7979366-1,0,IN,G06N,gby60ol0g4jd,353793.0,2008/1/8
48,153,9812327,8364614,7979366-2,0,IN,G06N,gby60ol0g4jd,353793.0,2008/1/8
49,129,9016217,8055596,7979366-1,0,IN,G06N,gby60ol0g4jd,353793.0,2008/1/8
50,128,8818673,7979366,7979366-2,0,IN,G06N,gby60ol0g4jd,353793.0,2008/1/8
51,138,9198121,8126891,7509234-4,0,IN,G06N,gby60ol0g4jd,268657.0,2008/10/21
52,139,9198123,8126891,8126891-2,0,IN,G06N,gby60ol0g4jd,268657.0,2008/10/21
53,217,11043254,8832599,8832599-1,0,IN,G06N,gby60ol0g4jd,268657.0,2008/10/3
56,146,9662320,8306932,7958540-1,0,IN,G06N,rx0fy8hj0lx1,319706.0,2008/4/8
55,147,9662321,8306932,8306932-2,0,IN,G06N,u3nw8bgtxuas,319706.0,2008/4/8
54,148,9662322,8306932,8306932-3,0,IN,G06N,6k3pgvchllz8,319706.0,2008/4/8
57,202,10811309,8744991,8744991-3,0,IN,G06N,ro1y18ekr3rb,319706.0,2008/6/25
58,201,10811308,8744991,8744991-2,0,IN,G06N,6k3pgvchllz8,319706.0,2008/6/25
59,200,10811307,8744991,8457056-3,0,IN,G06N,ro1y18ekr3rb,319706.0,2008/6/25
60,137,9185232,8121966,7277984-3,0,IN,G06N,24n934aekjoa,189347.0,2008/6/5
61,136,9185230,8121966,7149738-3,0,IN,G06N,7ixjd61vypsi,189347.0,2008/6/5
62,132,9106352,8091062,7096437-3,0,IN,G06N,6k3pgvchllz8,266420.0,2008/7/16
63,131,9106350,8091062,5242864-3,0,IN,G06N,6k3pgvchllz8,266420.0,2008/7/16
64,166,10222781,8521757,6477540-3,0,IN,G06N,ro1y18ekr3rb,173867.0,2008/9/26
65,167,10222782,8521757,7054960-3,0,IN,G06N,ro1y18ekr3rb,173867.0,2008/9/26
66,168,10222783,8521757,7478400-5,0,IN,G06N,ro1y18ekr3rb,173867.0,2008/9/26
67,145,9595318,8280836,8200609-3,0,IN,G06N,gby60ol0g4jd,281706.0,2008/9/8
69,144,9570855,8271408,7949622-1,0,IN,G06N,gby60ol0g4jd,274630.0,2009/10/22
68,143,9570854,8271408,7698329-1,0,IN,G06N,7st1h6u6s8gc,274630.0,2009/10/22
70,183,10549601,8645309,8645309-5,0,IN,G06N,ek50xe1lfj7k,329793.0,2009/11/30
71,154,9826811,8370275,6366885-2,0,IN,G06N,24n934aekjoa,189347.0,2009/6/30
72,158,9826815,8370275,8229929-4,0,IN,G06N,24n934aekjoa,189347.0,2009/6/30
73,156,9826813,8370275,7949654-3,0,IN,G06N,24n934aekjoa,189347.0,2009/6/30
74,157,9826814,8370275,8229929-2,0,IN,G06N,24n934aekjoa,189347.0,2009/6/30
75,155,9826812,8370275,7120635-2,0,IN,G06N,zasx4t6c6fpv,189347.0,2009/6/30
76,180,10534956,8639639,8639639-1,0,IN,G06N,o0vn9eflgv9j,386970.0,2009/8/31
77,181,10534957,8639639,8639639-2,0,IN,G06N,o0vn9eflgv9j,386970.0,2009/8/31
78,182,10534958,8639639,8639639-3,0,IN,G06N,o0vn9eflgv9j,386970.0,2009/8/31
79,213,10971943,8805766,8805766-1,0,IN,G06N,gby60ol0g4jd,162249.0,2010/10/19
80,169,10267385,8538963,8229901-1,0,IN,G06N,9jwl66hv80v1,189347.0,2010/11/16
82,414,13209475,9646253,8869276-2,0,IN,G06N,7ixjd61vypsi,365650.0,2010/11/26
83,415,13209476,9646253,9646253-3,0,IN,G06N,7ixjd61vypsi,365650.0,2010/11/26
81,413,13209474,9646253,7475275-3,0,IN,G06N,7ixjd61vypsi,365650.0,2010/11/26
84,175,10324433,8560487,8560487-3,0,IN,G06N,gby60ol0g4jd,189347.0,2010/12/10
85,173,10324431,8560487,7158889-2,0,IN,G06N,gby60ol0g4jd,189347.0,2010/12/10
86,174,10324432,8560487,7676539-3,0,IN,G06N,gby60ol0g4jd,189347.0,2010/12/10
87,188,10694238,8700542,6366885-2,0,IN,G06N,24n934aekjoa,189347.0,2010/12/15
88,189,10694239,8700542,6366885-6,0,IN,G06N,7ixjd61vypsi,189347.0,2010/12/15
89,190,10694241,8700542,8560505-3,0,IN,G06N,24n934aekjoa,189347.0,2010/12/15
90,191,10694242,8700542,8700542-1,0,IN,G06N,gby60ol0g4jd,189347.0,2010/12/15
91,160,10056556,8458334,7925760-3,0,IN,G06N,gby60ol0g4jd,189347.0,2010/2/11
92,159,10056555,8458334,7725936-1,0,IN,G06N,gby60ol0g4jd,189347.0,2010/2/11
93,161,10056557,8458334,8434088-2,0,IN,G06N,gby60ol0g4jd,189347.0,2010/2/11
96,234,11368000,8954374,8954374-2,0,IN,G06N,24n934aekjoa,189347.0,2010/2/23
94,232,11367998,8954374,5247679-1,0,IN,G06N,1bqus0uyw8x5,189347.0,2010/2/23
95,233,11367999,8954374,7707173-3,0,IN,G06N,2w5mf75onn8h,189347.0,2010/2/23
99,194,10694260,8700548,8700548-3,0,IN,G06N,2w5mf75onn8h,72660.0,2010/4/28
97,192,10694258,8700548,8700548-1,0,IN,G06N,2w5mf75onn8h,72660.0,2010/4/28
98,193,10694259,8700548,8700548-2,0,IN,G06N,2w5mf75onn8h,72660.0,2010/4/28
100,172,10309497,8554714,8554714-7,0,IN,G06N,gby60ol0g4jd,132030.0,2010/7/21
101,171,10309496,8554714,8554714-6,0,IN,G06N,gby60ol0g4jd,132030.0,2010/7/21
102,170,10309495,8554714,8554714-5,0,IN,G06N,gby60ol0g4jd,132030.0,2010/7/21
103,218,11105894,8856050,7752162-4,0,IN,G06N,pb6cnsily0xu,189347.0,2011/1/13
104,178,10485191,8620921,6560615-2,0,IN,G06N,dp903o1s35c1,313006.0,2011/1/28
105,179,10485192,8620921,8484249-3,0,IN,G06N,dp903o1s35c1,313006.0,2011/1/28
106,220,11123010,8862535,8484249-4,0,IN,G06N,gby60ol0g4jd,313006.0,2011/10/13
107,203,10841055,8756173,8625902-1,0,IN,G06N,gby60ol0g4jd,36910.0,2011/10/7
108,256,11772275,9104966,8761376-1,0,IN,G06N,9jwl66hv80v1,190103.0,2011/11/23
109,255,11772274,9104966,8756064-1,0,IN,G06N,9jwl66hv80v1,190103.0,2011/11/23
114,204,10841068,8756180,7103509-4,0,IN,G06N,gby60ol0g4jd,353793.0,2011/11/28
113,205,10841070,8756180,8152671-1,0,IN,G06N,gby60ol0g4jd,353793.0,2011/11/28
111,207,10841076,8756181,8756181-6,0,IN,G06N,9jwl66hv80v1,89789.0,2011/11/28
110,208,10841077,8756181,8756181-7,0,IN,G06N,9jwl66hv80v1,89789.0,2011/11/28
112,206,10841075,8756181,8203298-4,0,IN,G06N,9jwl66hv80v1,89789.0,2011/11/28
115,216,11024722,8825572,8825572-3,0,IN,G06N,lnfy7ldpzvmk,268657.0,2011/2/1
116,214,11024719,8825572,6904590-2,0,IN,G06N,gby60ol0g4jd,268657.0,2011/2/1
117,215,11024721,8825572,8065565-4,0,IN,G06N,gby60ol0g4jd,268657.0,2011/2/1
118,185,10647408,8682814,6947886-2,0,IN,G06N,gwpxt1kyn2gd,173867.0,2011/3/1
119,186,10647409,8682814,8495705-4,0,IN,G06N,jqtwfhwsmx1c,173867.0,2011/3/1
120,184,10576735,8655823,6928936-3,0,IN,G06N,dp903o1s35c1,102943.0,2011/3/23
121,227,11248175,8909562,8620839-2,0,IN,G06N,73fd44dv0c5r,258976.0,2011/3/28
122,226,11248174,8909562,8522212-1,0,IN,G06N,u3nw8bgtxuas,258976.0,2011/3/28
124,176,10484943,8620839,8522212-1,0,IN,G06N,u3nw8bgtxuas,258976.0,2011/3/8
123,177,10484944,8620839,8620839-2,0,IN,G06N,73fd44dv0c5r,258976.0,2011/3/8
128,266,11853590,9135562,8700557-5,0,IN,G06N,2w5mf75onn8h,190103.0,2011/4/13
127,268,11853592,9135562,9135562-3,0,IN,G06N,2w5mf75onn8h,190103.0,2011/4/13
126,267,11853591,9135562,9135562-2,0,IN,G06N,2w5mf75onn8h,190103.0,2011/4/13
125,265,11853589,9135562,8700557-3,0,IN,G06N,2w5mf75onn8h,190103.0,2011/4/13
129,212,10908146,8781798,8407221-2,0,IN,G06N,7ixjd61vypsi,189347.0,2011/4/18
130,211,10908145,8781798,7974411-4,0,IN,G06N,24n934aekjoa,189347.0,2011/4/18
131,210,10908144,8781798,7949654-3,0,IN,G06N,2zlof12j3hzu,189347.0,2011/4/18
132,209,10908143,8781798,7194744-1,0,IN,G06N,1bqus0uyw8x5,189347.0,2011/4/18
135,223,11171384,8880933,8880933-3,0,IN,G06N,qac0xxtlgroe,268657.0,2011/4/5
133,221,11171382,8880933,6766245-1,0,IN,G06N,gby60ol0g4jd,268657.0,2011/4/5
134,222,11171383,8880933,7975071-2,0,IN,G06N,gby60ol0g4jd,268657.0,2011/4/5
137,199,10694294,8700557,8700557-5,0,IN,G06N,2w5mf75onn8h,190103.0,2011/5/11
138,195,10694290,8700557,7924181-3,0,IN,G06N,2w5mf75onn8h,190103.0,2011/5/11
139,196,10694291,8700557,8700557-2,0,IN,G06N,2w5mf75onn8h,190103.0,2011/5/11
136,198,10694293,8700557,8700557-4,0,IN,G06N,2w5mf75onn8h,190103.0,2011/5/11
140,197,10694292,8700557,8700557-3,0,IN,G06N,2w5mf75onn8h,190103.0,2011/5/11
141,187,10662861,8688601,8495705-4,0,IN,G06N,ro1y18ekr3rb,173867.0,2011/5/23
142,285,12063232,9213938,8320616-4,0,IN,G06N,9jwl66hv80v1,266420.0,2011/6/22
143,328,12557066,9396431,9015094-1,0,IN,G06N,24n934aekjoa,294760.0,2011/6/30
144,302,12228606,9275065,7433928-2,0,IN,G06N,ro1y18ekr3rb,173867.0,2011/7/26
145,242,11575113,9031888,8140364-2,0,IN,G06N,dp903o1s35c1,189347.0,2011/8/10
146,235,11430285,8977586,8131822-1,0,IN,G06N,gby60ol0g4jd,11909.0,2012/1/30
147,236,11430286,8977586,8479163-1,0,IN,G06N,gby60ol0g4jd,11909.0,2012/1/30
148,333,12582928,9406018,8930362-2,0,IN,G06N,u3nw8bgtxuas,319706.0,2012/1/31
149,334,12582929,9406018,9239830-2,0,IN,G06N,gby60ol0g4jd,319706.0,2012/1/31
150,364,12854483,9508044,6477540-3,0,IN,G06N,ro1y18ekr3rb,223320.0,2012/1/6
151,365,12854485,9508044,7120728-6,0,IN,G06N,ro1y18ekr3rb,223320.0,2012/1/6
152,366,12854486,9508044,8095488-4,0,IN,G06N,ro1y18ekr3rb,223320.0,2012/1/6
155,2,4629,10002330,7747495-2,0,IN,G06N,ro1y18ekr3rb,443877.0,2012/10/1
153,0,4627,10002330,10002330-2,0,IN,G06N,rcy74ge9twpm,443877.0,2012/10/1
154,1,4628,10002330,10002330-3,0,IN,G06N,ro1y18ekr3rb,443877.0,2012/10/1
156,253,11772252,9104961,6904590-2,0,IN,G06N,gby60ol0g4jd,233859.0,2012/10/8
157,254,11772254,9104961,8065565-4,0,IN,G06N,gby60ol0g4jd,233859.0,2012/10/8
158,252,11694679,9076106,9076106-1,0,IN,G06N,hdusujttb0l0,353793.0,2012/11/30
159,245,11605848,9043248,7080085-2,0,IN,G06N,gby60ol0g4jd,189347.0,2012/3/29
160,246,11605849,9043248,7613121-3,0,IN,G06N,24n934aekjoa,189347.0,2012/3/29
161,247,11605850,9043248,8229916-5,0,IN,G06N,24n934aekjoa,189347.0,2012/3/29
163,251,11617536,9047559,9037998-8,0,IN,G06N,ro1y18ekr3rb,190025.0,2012/4/5
162,250,11617535,9047559,9037998-4,0,IN,G06N,ro1y18ekr3rb,190025.0,2012/4/5
167,261,11804748,9117169,8935957-2,0,IN,G06N,ro1y18ekr3rb,393421.0,2012/5/24
166,262,11804749,9117169,8936111-4,0,IN,G06N,ro1y18ekr3rb,393421.0,2012/5/24
164,259,11804746,9117169,6645642-1,0,IN,G06N,ro1y18ekr3rb,393421.0,2012/5/24
165,260,11804747,9117169,7939470-2,0,IN,G06N,ro1y18ekr3rb,393421.0,2012/5/24
174,324,12479623,9367803,9367803-7,0,IN,G06N,ot4ycu5vfbtr,190103.0,2012/5/9
173,323,12479622,9367803,9367803-6,0,IN,G06N,ot4ycu5vfbtr,190103.0,2012/5/9
172,322,12479621,9367803,9367803-4,0,IN,G06N,ot4ycu5vfbtr,190103.0,2012/5/9
168,318,12479617,9367803,6122274-1,0,IN,G06N,ot4ycu5vfbtr,190103.0,2012/5/9
170,320,12479619,9367803,9367803-2,0,IN,G06N,ek50xe1lfj7k,190103.0,2012/5/9
169,319,12479618,9367803,9367803-1,0,IN,G06N,61vyeber7ne5,190103.0,2012/5/9
171,321,12479620,9367803,9367803-3,0,IN,G06N,ot4ycu5vfbtr,190103.0,2012/5/9
175,299,12212601,9269056,9269056-1,0,IN,G06N,6px9udpql3mx,190103.0,2012/7/20
176,301,12212603,9269056,9269056-3,0,IN,G06N,6px9udpql3mx,190103.0,2012/7/20
177,298,12212600,9269056,8949091-3,0,IN,G06N,6px9udpql3mx,190103.0,2012/7/20
178,300,12212602,9269056,9269056-2,0,IN,G06N,6px9udpql3mx,190103.0,2012/7/20
179,248,11605884,9043263,8896250-1,0,IN,G06N,u3nw8bgtxuas,353793.0,2012/7/24
180,249,11605885,9043263,9043263-4,0,IN,G06N,u3nw8bgtxuas,353793.0,2012/7/24
182,229,11287597,8924336,8812464-2,0,IN,G06N,gby60ol0g4jd,143426.0,2012/7/5
183,228,11287596,8924336,8600725-2,0,IN,G06N,gby60ol0g4jd,143426.0,2012/7/5
181,230,11287598,8924336,8924336-2,0,IN,G06N,gby60ol0g4jd,143426.0,2012/7/5
184,442,13540916,9785890,9785890-2,0,IN,G06N,24n934aekjoa,281706.0,2012/8/10
185,441,13540915,9785890,9721267-4,0,IN,G06N,gby60ol0g4jd,281706.0,2012/8/10
186,440,13540914,9785890,8214232-4,0,IN,G06N,gby60ol0g4jd,281706.0,2012/8/10
187,306,12292506,9298671,7080085-2,0,IN,G06N,gby60ol0g4jd,189347.0,2012/8/31
188,308,12292508,9298671,8229916-5,0,IN,G06N,24n934aekjoa,189347.0,2012/8/31
189,263,11819651,9122991,6243628-3,0,IN,G06N,gby60ol0g4jd,353793.0,2012/8/31
190,264,11819652,9122991,7286960-3,0,IN,G06N,gby60ol0g4jd,353793.0,2012/8/31
191,307,12292507,9298671,7613121-3,0,IN,G06N,24n934aekjoa,189347.0,2012/8/31
192,219,11105900,8856052,7752162-4,0,IN,G06N,pb6cnsily0xu,189347.0,2012/9/14
193,4,14882,10007883,8448030-4,0,IN,G06N,rcy74ge9twpm,245320.0,2012/9/27
194,3,14881,10007883,10007883-2,0,IN,G06N,e17e61pq7jod,245320.0,2012/9/27
196,237,11465788,8990817,8984325-1,0,IN,G06N,9jwl66hv80v1,173867.0,2012/9/6
195,238,11465789,8990817,8990817-2,0,IN,G06N,9jwl66hv80v1,173867.0,2012/9/6
197,11,128131,10074052,9201692-2,0,IN,G06N,ek50xe1lfj7k,190103.0,2013/1/16
198,10,128130,10074052,9135562-3,0,IN,G06N,ek50xe1lfj7k,190103.0,2013/1/16
199,9,128129,10074052,9135562-2,0,IN,G06N,ek50xe1lfj7k,190103.0,2013/1/16
200,82,572531,10402744,9367597-4,0,IN,G06N,2w5mf75onn8h,189347.0,2013/11/18
201,377,12928788,9536198,6424626-2,0,IN,G06N,gby60ol0g4jd,189347.0,2013/11/22
202,378,12928790,9536198,8233402-2,0,IN,G06N,gby60ol0g4jd,189347.0,2013/11/22
203,379,12928791,9536198,8738546-2,0,IN,G06N,gby60ol0g4jd,189347.0,2013/11/22
204,380,12928792,9536198,9014868-1,0,IN,G06N,gby60ol0g4jd,189347.0,2013/11/22
205,381,12928793,9536198,9014868-2,0,IN,G06N,gby60ol0g4jd,189347.0,2013/11/22
208,313,12293569,9299028,9299028-5,0,IN,G06N,5biwxmmsjztr,297362.0,2013/11/4
210,311,12293567,9299028,9299028-3,0,IN,G06N,rcy74ge9twpm,297362.0,2013/11/4
209,312,12293568,9299028,9299028-4,0,IN,G06N,rx0fy8hj0lx1,297362.0,2013/11/4
207,310,12293566,9299028,9299028-2,0,IN,G06N,rlh7pq8tgacb,297362.0,2013/11/4
206,309,12293565,9299028,5831853-3,0,IN,G06N,rcy74ge9twpm,297362.0,2013/11/4
211,290,12106667,9230208,9043230-1,0,IN,G06N,gby60ol0g4jd,189347.0,2013/12/18
212,291,12106668,9230208,9218565-1,0,IN,G06N,gby60ol0g4jd,189347.0,2013/12/18
213,289,12106666,9230208,8286074-1,0,IN,G06N,gby60ol0g4jd,189347.0,2013/12/18
214,70,500049,10339453,9311295-1,0,IN,G06N,ro1y18ekr3rb,189347.0,2013/12/23
215,69,500048,10339453,8341269-1,0,IN,G06N,lnfy7ldpzvmk,189347.0,2013/12/23
216,68,500047,10339453,6381444-4,0,IN,G06N,u3nw8bgtxuas,189347.0,2013/12/23
217,335,12582963,9406029,6560615-2,0,IN,G06N,gby60ol0g4jd,313006.0,2013/12/30
218,336,12582964,9406029,8484249-3,0,IN,G06N,gby60ol0g4jd,313006.0,2013/12/30
219,257,11788915,9111219,7681069-1,0,IN,G06N,dp903o1s35c1,19559.0,2013/2/13
220,258,11788921,9111219,9111219-7,0,IN,G06N,dp903o1s35c1,19559.0,2013/2/13
226,270,11899658,9152919,8867838-1,0,IN,G06N,sfpkz453zk3o,49742.0,2013/2/14
227,271,11899659,9152919,9098343-1,0,IN,G06N,gby60ol0g4jd,49742.0,2013/2/14
225,269,11899657,9152919,7509519-3,0,IN,G06N,gby60ol0g4jd,49742.0,2013/2/14
223,240,11497868,9002763,7548919-1,0,IN,G06N,24n934aekjoa,189347.0,2013/2/14
224,239,11497867,9002763,7219279-3,0,IN,G06N,24n934aekjoa,189347.0,2013/2/14
222,241,11497869,9002763,8176412-3,0,IN,G06N,2w5mf75onn8h,189347.0,2013/2/14
221,272,11899660,9152919,9152919-4,0,IN,G06N,dp903o1s35c1,49742.0,2013/2/14
228,243,11590305,9037525,9037525-2,0,IN,G06N,gby60ol0g4jd,34613.0,2013/3/1
229,244,11590306,9037525,9037525-3,0,IN,G06N,gby60ol0g4jd,34613.0,2013/3/1
230,273,11899680,9152925,9152925-4,0,IN,G06N,gby60ol0g4jd,153325.0,2013/3/12
231,359,12804762,9489624,9152919-4,0,IN,G06N,dp903o1s35c1,49742.0,2013/3/12
232,358,12804761,9489624,8700737-1,0,IN,G06N,6px9udpql3mx,49742.0,2013/3/12
233,357,12804760,9489624,8065742-3,0,IN,G06N,gby60ol0g4jd,49742.0,2013/3/12
234,356,12804759,9489624,7509519-3,0,IN,G06N,gby60ol0g4jd,49742.0,2013/3/12
243,279,11998660,9189736,5621546-3,0,IN,G06N,6k3pgvchllz8,322496.0,2013/3/22
242,280,11998661,9189736,9189736-1,0,IN,G06N,6k3pgvchllz8,322496.0,2013/3/22
241,281,11998662,9189736,9189736-2,0,IN,G06N,6k3pgvchllz8,322496.0,2013/3/22
240,51,475683,10318873,10318873-4,0,IN,G06N,6k3pgvchllz8,190103.0,2013/3/22
238,53,475685,10318873,10318873-6,0,IN,G06N,6k3pgvchllz8,190103.0,2013/3/22
237,55,475687,10318873,9235866-2,0,IN,G06N,6k3pgvchllz8,190103.0,2013/3/22
236,56,475688,10318873,9235866-3,0,IN,G06N,6k3pgvchllz8,190103.0,2013/3/22
235,52,475684,10318873,10318873-5,0,IN,G06N,6k3pgvchllz8,190103.0,2013/3/22
239,54,475686,10318873,9235866-1,0,IN,G06N,6k3pgvchllz8,190103.0,2013/3/22
244,303,12229351,9275334,7082540-2,0,IN,G06N,u63z8sszmcyb,206411.0,2013/4/3
245,330,12557071,9396433,6366885-6,0,IN,G06N,24n934aekjoa,189347.0,2013/5/29
246,331,12557072,9396433,6754651-4,0,IN,G06N,gby60ol0g4jd,189347.0,2013/5/29
247,329,12557070,9396433,6366885-2,0,IN,G06N,24n934aekjoa,189347.0,2013/5/29
248,332,12557073,9396433,7970905-2,0,IN,G06N,24n934aekjoa,189347.0,2013/5/29
249,50,448050,10296835,8200317-1,0,IN,G06N,qtzuc79bhw39,165219.0,2013/6/12
253,396,13112485,9607266,9607266-4,0,IN,G06N,lnfy7ldpzvmk,190103.0,2013/7/23
252,393,13112482,9607266,9594816-1,0,IN,G06N,lnfy7ldpzvmk,190103.0,2013/7/23
251,395,13112484,9607266,9607266-3,0,IN,G06N,lnfy7ldpzvmk,190103.0,2013/7/23
250,394,13112483,9607266,9607266-1,0,IN,G06N,2h07h9yewbxv,190103.0,2013/7/23
254,297,12179538,9256826,9256826-6,0,IN,G06N,6k3pgvchllz8,297362.0,2013/8/14
255,292,12179533,9256826,5649025-1,0,IN,G06N,gby60ol0g4jd,297362.0,2013/8/14
256,296,12179537,9256826,9256826-4,0,IN,G06N,rcy74ge9twpm,297362.0,2013/8/14
257,295,12179536,9256826,9256826-3,0,IN,G06N,2w5mf75onn8h,297362.0,2013/8/14
258,294,12179535,9256826,9256826-2,0,IN,G06N,ejeeidiw06eg,297362.0,2013/8/14
259,293,12179534,9256826,6046998-2,0,IN,G06N,6k3pgvchllz8,297362.0,2013/8/14
260,304,12276416,9292794,8233402-2,0,IN,G06N,gby60ol0g4jd,189347.0,2013/8/15
261,305,12276417,9292794,9292794-2,0,IN,G06N,gby60ol0g4jd,189347.0,2013/8/15
264,360,12804799,9489638,8700640-1,0,IN,G06N,6k3pgvchllz8,82117.0,2013/8/2
265,361,12804800,9489638,9489638-2,0,IN,G06N,6k3pgvchllz8,82117.0,2013/8/2
262,363,12804802,9489638,9489638-4,0,IN,G06N,6k3pgvchllz8,82117.0,2013/8/2
263,362,12804801,9489638,9489638-3,0,IN,G06N,6k3pgvchllz8,82117.0,2013/8/2
266,225,11202555,8892557,8495108-2,1,IN,G06N,ro1y18ekr3rb,189347.0,2013/8/23
267,224,11202554,8892557,8229901-1,0,IN,G06N,ro1y18ekr3rb,189347.0,2013/8/23
268,284,12048447,9208450,7478400-5,0,IN,G06N,ua8ly1vw4zr0,173867.0,2013/8/26
269,282,12048445,9208450,6477540-3,0,IN,G06N,ro1y18ekr3rb,173867.0,2013/8/26
270,283,12048446,9208450,7054960-3,0,IN,G06N,ro1y18ekr3rb,173867.0,2013/8/26
271,444,13758673,9886664,9886664-3,0,IN,G06N,kk5x39gkqswk,231121.0,2013/9/25
272,391,13066190,9589230,8972646-6,0,IN,G06N,gby60ol0g4jd,252828.0,2013/9/27
273,390,13066189,9589230,8150665-4,0,IN,G06N,gby60ol0g4jd,252828.0,2013/9/27
274,75,517349,10354193,8667336-4,0,IN,G06N,gby60ol0g4jd,165219.0,2013/9/27
275,392,13066191,9589230,9589230-2,0,IN,G06N,gby60ol0g4jd,252828.0,2013/9/27
277,347,12681708,9443196,7590837-2,0,IN,G06N,gby60ol0g4jd,102943.0,2013/9/30
276,348,12681709,9443196,9443196-2,0,IN,G06N,gby60ol0g4jd,102943.0,2013/9/30
281,338,12616443,9418566,9063991-2,0,IN,G06N,gby60ol0g4jd,189347.0,2014/1/2
280,339,12616444,9418566,9311295-1,0,IN,G06N,ro1y18ekr3rb,189347.0,2014/1/2
278,337,12616442,9418566,6381444-4,0,IN,G06N,u3nw8bgtxuas,189347.0,2014/1/2
279,340,12616445,9418566,9418566-3,0,IN,G06N,gby60ol0g4jd,189347.0,2014/1/2
282,35,318113,10198694,8700557-3,0,IN,G06N,2w5mf75onn8h,190103.0,2014/1/3
283,37,318115,10198694,8965123-1,0,IN,G06N,2w5mf75onn8h,190103.0,2014/1/3
284,36,318114,10198694,8700557-5,0,IN,G06N,2w5mf75onn8h,190103.0,2014/1/3
285,39,318117,10198694,9536145-1,0,IN,G06N,2w5mf75onn8h,190103.0,2014/1/3
286,38,318116,10198694,9208376-1,0,IN,G06N,2w5mf75onn8h,190103.0,2014/1/3
287,315,12361436,9324030,8826092-3,0,IN,G06N,gby60ol0g4jd,189347.0,2014/1/6
288,314,12361435,9324030,6772250-2,0,IN,G06N,gby60ol0g4jd,189347.0,2014/1/6
292,398,13112498,9607273,6046998-2,0,IN,G06N,6k3pgvchllz8,297362.0,2014/1/8
289,397,13112497,9607273,5649025-1,0,IN,G06N,gby60ol0g4jd,297362.0,2014/1/8
290,399,13112499,9607273,9256826-3,0,IN,G06N,2w5mf75onn8h,297362.0,2014/1/8
291,400,13112500,9607273,9607273-2,0,IN,G06N,ejeeidiw06eg,297362.0,2014/1/8
294,385,13016388,9569722,8495108-2,0,IN,G06N,ro1y18ekr3rb,189347.0,2014/10/15
293,384,13016387,9569722,8229901-1,0,IN,G06N,ro1y18ekr3rb,189347.0,2014/10/15
295,93,660891,10489711,10489711-4,0,IN,G06N,gby60ol0g4jd,252828.0,2014/10/22
296,16,243717,10147046,10147046-3,0,IN,G06N,gby60ol0g4jd,189347.0,2014/10/30
297,15,243716,10147046,10147046-2,0,IN,G06N,gby60ol0g4jd,189347.0,2014/10/30
298,19,258459,10157347,10157347-3,0,IN,G06N,ro1y18ekr3rb,380211.0,2014/11/4
299,5,49808,10027739,7093007-3,0,IN,G06N,nlih3982k3um,19559.0,2014/12/16
300,8,49811,10027739,9769248-3,0,IN,G06N,2w5mf75onn8h,19559.0,2014/12/16
301,7,49810,10027739,9769248-2,0,IN,G06N,kpwupbexkgjj,19559.0,2014/12/16
302,6,49809,10027739,9769248-1,0,IN,G06N,6k3pgvchllz8,19559.0,2014/12/16
303,76,547447,10380497,8065742-3,0,IN,G06N,gby60ol0g4jd,362161.0,2014/2/13
304,77,547448,10380497,9471876-1,0,IN,G06N,gby60ol0g4jd,362161.0,2014/2/13
308,401,13161188,9626629,6269321-2,0,IN,G06N,gby60ol0g4jd,226017.0,2014/2/14
307,404,13161191,9626629,9055148-3,0,IN,G06N,gby60ol0g4jd,226017.0,2014/2/14
306,403,13161190,9626629,9055148-2,0,IN,G06N,gby60ol0g4jd,226017.0,2014/2/14
305,402,13161189,9626629,9055148-1,0,IN,G06N,gby60ol0g4jd,226017.0,2014/2/14
309,277,11964751,9177261,6947886-2,0,IN,G06N,gwpxt1kyn2gd,173867.0,2014/2/19
310,278,11964752,9177261,8495705-4,0,IN,G06N,jqtwfhwsmx1c,173867.0,2014/2/19
311,275,11915846,9159032,8699486-3,0,IN,G06N,gby60ol0g4jd,49742.0,2014/3/19
312,274,11915845,9159032,8065742-3,0,IN,G06N,gby60ol0g4jd,49742.0,2014/3/19
313,276,11915847,9159032,9159032-3,0,IN,G06N,gby60ol0g4jd,49742.0,2014/3/19
314,349,12698529,9449287,9449221-1,0,IN,G06N,30g9edu1ejnc,355180.0,2014/4/29
315,418,13257861,9665827,9665827-1,0,IN,G06N,dp903o1s35c1,132030.0,2014/4/29
316,416,13257859,9665827,7337163-1,0,IN,G06N,dp903o1s35c1,132030.0,2014/4/29
317,417,13257860,9665827,9170572-13,0,IN,G06N,dp903o1s35c1,132030.0,2014/4/29
318,425,13422900,9734451,6046998-2,0,IN,G06N,gby60ol0g4jd,297362.0,2014/5/1
319,426,13422903,9734451,9607273-2,0,IN,G06N,6px9udpql3mx,297362.0,2014/5/1
324,406,13208123,9645703,9311295-1,0,IN,G06N,ro1y18ekr3rb,189347.0,2014/5/14
323,405,13208122,9645703,7822756-2,0,IN,G06N,ro1y18ekr3rb,189347.0,2014/5/14
320,408,13208125,9645703,9513764-1,0,IN,G06N,ro1y18ekr3rb,189347.0,2014/5/14
321,409,13208126,9645703,9513764-3,0,IN,G06N,ro1y18ekr3rb,189347.0,2014/5/14
322,407,13208124,9645703,9418566-3,0,IN,G06N,gby60ol0g4jd,189347.0,2014/5/14
325,354,12758415,9471876,9262502-1,0,IN,G06N,lnfy7ldpzvmk,49742.0,2014/5/9
326,355,12758416,9471876,9471876-1,0,IN,G06N,gby60ol0g4jd,49742.0,2014/5/9
327,353,12758414,9471876,8429165-3,0,IN,G06N,gby60ol0g4jd,49742.0,2014/5/9
328,352,12758413,9471876,7509519-3,0,IN,G06N,gby60ol0g4jd,49742.0,2014/5/9
329,286,12075739,9218565,8286074-1,0,IN,G06N,gby60ol0g4jd,189347.0,2014/6/19
330,288,12075741,9218565,9218565-1,0,IN,G06N,gby60ol0g4jd,189347.0,2014/6/19
331,287,12075740,9218565,9043230-1,0,IN,G06N,gby60ol0g4jd,189347.0,2014/6/19
332,375,12928772,9536192,7531169-1,0,IN,G06N,gby60ol0g4jd,189347.0,2014/6/23
333,376,12928773,9536192,9530093-1,0,IN,G06N,u3nw8bgtxuas,189347.0,2014/6/23
337,427,13452318,9747555,6341287-2,0,IN,G06N,24n934aekjoa,189347.0,2014/6/5
338,430,13452321,9747555,7895149-1,0,IN,G06N,gby60ol0g4jd,189347.0,2014/6/5
336,431,13452322,9747555,8229929-4,0,IN,G06N,gby60ol0g4jd,189347.0,2014/6/5
334,428,13452319,9747555,6687702-2,0,IN,G06N,gby60ol0g4jd,189347.0,2014/6/5
335,429,13452320,9747555,6754651-3,0,IN,G06N,24n934aekjoa,189347.0,2014/6/5
339,317,12361441,9324031,8826092-3,0,IN,G06N,gby60ol0g4jd,189347.0,2014/6/9
340,316,12361440,9324031,6772250-2,0,IN,G06N,gby60ol0g4jd,189347.0,2014/6/9
341,439,13483303,9760836,9646253-3,0,IN,G06N,7ixjd61vypsi,365650.0,2014/9/15
342,438,13483302,9760836,8533167-2,0,IN,G06N,7ixjd61vypsi,365650.0,2014/9/15
343,437,13483301,9760836,8533167-1,0,IN,G06N,7ixjd61vypsi,365650.0,2014/9/15
344,327,12494042,9373090,8176412-3,0,IN,G06N,2w5mf75onn8h,189347.0,2014/9/16
345,326,12494041,9373090,7548919-1,0,IN,G06N,24n934aekjoa,189347.0,2014/9/16
346,325,12494040,9373090,7219279-3,0,IN,G06N,24n934aekjoa,189347.0,2014/9/16
347,341,12648591,9430557,9330084-3,0,IN,G06N,2w5mf75onn8h,189347.0,2014/9/17
348,350,12743676,9466033,7724918-2,0,IN,G06N,24n934aekjoa,189347.0,2015/1/12
349,351,12743677,9466033,8019837-1,0,IN,G06N,gby60ol0g4jd,189347.0,2015/1/12
351,34,292440,10181102,10181102-2,0,IN,G06N,gby60ol0g4jd,190103.0,2015/1/22
350,33,292439,10181102,10181102-1,0,IN,G06N,gby60ol0g4jd,190103.0,2015/1/22
352,382,12959433,9547825,8973659-3,0,IN,G06N,xeyi5glmnjny,393421.0,2015/1/6
353,383,12959434,9547825,9309862-2,0,IN,G06N,ro1y18ekr3rb,393421.0,2015/1/6
354,67,491394,10332030,9001276-5,0,IN,G06N,7ixjd61vypsi,190103.0,2015/10/17
355,66,491393,10332030,8209273-3,0,IN,G06N,nwn4yi825kde,190103.0,2015/10/17
356,65,491392,10332030,6529481-2,0,IN,G06N,1bqus0uyw8x5,190103.0,2015/10/17
357,64,491391,10332030,10332030-3,0,IN,G06N,1bqus0uyw8x5,190103.0,2015/10/17
358,30,258479,10157351,8751618-1,0,IN,G06N,gby60ol0g4jd,19559.0,2015/10/20
359,29,258478,10157351,7895149-1,0,IN,G06N,gby60ol0g4jd,19559.0,2015/10/20
360,28,258477,10157351,5708796-2,0,IN,G06N,gby60ol0g4jd,19559.0,2015/10/20
361,27,258476,10157351,10089675-2,0,IN,G06N,ss2htg3c5ij3,19559.0,2015/10/20
362,63,491363,10332012,10332012-1,0,IN,G06N,gby60ol0g4jd,34613.0,2015/10/8
365,373,12912797,9530092,9043230-1,0,IN,G06N,gby60ol0g4jd,189347.0,2015/11/10
363,374,12912798,9530092,9218565-1,0,IN,G06N,gby60ol0g4jd,189347.0,2015/11/10
364,372,12912796,9530092,8286074-1,0,IN,G06N,gby60ol0g4jd,189347.0,2015/11/10
366,412,13209471,9646250,9646250-4,0,IN,G06N,gby60ol0g4jd,189347.0,2015/11/17
367,411,13209469,9646250,9646250-2,0,IN,G06N,gby60ol0g4jd,189347.0,2015/11/17
368,410,13209468,9646250,9501565-2,0,IN,G06N,gby60ol0g4jd,189347.0,2015/11/17
369,46,412273,10268961,9740462-3,0,IN,G06N,gby60ol0g4jd,34613.0,2015/11/24
370,45,412272,10268961,8683433-1,0,IN,G06N,gby60ol0g4jd,34613.0,2015/11/24
371,445,13878366,9946437,9208065-1,0,IN,G06N,6k3pgvchllz8,189347.0,2015/11/5
372,447,13878368,9946437,9946437-4,0,IN,G06N,gby60ol0g4jd,189347.0,2015/11/5
373,446,13878367,9946437,9582264-1,0,IN,G06N,8vy6qzqa9wum,189347.0,2015/11/5
374,90,640057,10467547,5708796-2,0,IN,G06N,gby60ol0g4jd,19559.0,2015/11/8
375,81,564252,10395177,10395177-2,0,IN,G06N,gby60ol0g4jd,233859.0,2015/12/10
377,94,679299,10510007,10510007-2,0,IN,G06N,7ixjd61vypsi,190103.0,2015/12/15
376,95,679300,10510007,9117030-1,0,IN,G06N,lnfy7ldpzvmk,190103.0,2015/12/15
378,71,508563,10346749,5512131-1,0,IN,G06N,gqn70evobw4f,355180.0,2015/12/21
379,74,508566,10346749,9928106-3,0,IN,G06N,gby60ol0g4jd,355180.0,2015/12/21
380,73,508565,10346749,9928106-2,0,IN,G06N,gby60ol0g4jd,355180.0,2015/12/21
381,72,508564,10346749,9727778-3,0,IN,G06N,gby60ol0g4jd,355180.0,2015/12/21
382,89,640033,10467533,8291403-4,0,IN,G06N,gby60ol0g4jd,190103.0,2015/12/29
383,88,640031,10467533,10467533-7,0,IN,G06N,u3nw8bgtxuas,190103.0,2015/12/29
384,87,640030,10467533,10467533-6,0,IN,G06N,gby60ol0g4jd,190103.0,2015/12/29
385,86,640029,10467533,10467533-5,0,IN,G06N,gby60ol0g4jd,190103.0,2015/12/29
386,62,483566,10325217,6614808-1,0,IN,G06N,gby60ol0g4jd,248438.0,2015/2/10
387,61,483565,10325217,6511268-3,0,IN,G06N,gby60ol0g4jd,248438.0,2015/2/10
392,435,13467903,9754216,7895149-1,0,IN,G06N,gby60ol0g4jd,189347.0,2015/2/4
391,432,13467900,9754216,6341287-2,0,IN,G06N,24n934aekjoa,189347.0,2015/2/4
389,434,13467902,9754216,6754651-3,0,IN,G06N,24n934aekjoa,189347.0,2015/2/4
390,436,13467904,9754216,8229929-4,0,IN,G06N,gby60ol0g4jd,189347.0,2015/2/4
388,433,13467901,9754216,6687702-2,0,IN,G06N,gby60ol0g4jd,189347.0,2015/2/4
393,32,266541,10163062,9996067-1,0,IN,G06N,n3k1emw6ahdu,413357.0,2015/3/13
394,31,266540,10163062,7076748-3,0,IN,G06N,qysnmpoqqa73,413357.0,2015/3/13
395,443,13665243,9842301,9449221-1,0,IN,G06N,30g9edu1ejnc,355180.0,2015/3/20
396,60,483555,10325212,10325212-2,0,IN,G06N,73fd44dv0c5r,44217.0,2015/3/24
397,59,483554,10325212,10325212-1,0,IN,G06N,jq5sikpot4ql,44217.0,2015/3/24
404,21,258470,10157350,10157350-1,0,IN,G06N,2h07h9yewbxv,190103.0,2015/3/26
402,20,258469,10157350,10019538-3,0,IN,G06N,2h07h9yewbxv,190103.0,2015/3/26
401,22,258471,10157350,10157350-2,0,IN,G06N,2h07h9yewbxv,190103.0,2015/3/26
403,26,258475,10157350,9633403-2,0,IN,G06N,lnfy7ldpzvmk,190103.0,2015/3/26
399,25,258474,10157350,10157350-5,0,IN,G06N,lnfy7ldpzvmk,190103.0,2015/3/26
398,24,258473,10157350,10157350-4,0,IN,G06N,2h07h9yewbxv,190103.0,2015/3/26
400,23,258472,10157350,10157350-3,0,IN,G06N,2h07h9yewbxv,190103.0,2015/3/26
405,420,13303898,9684876,7791466-1,0,IN,G06N,gby60ol0g4jd,189347.0,2015/3/30
406,421,13303899,9684876,8219440-8,0,IN,G06N,gby60ol0g4jd,189347.0,2015/3/30
407,423,13303901,9684876,9684876-4,0,IN,G06N,gby60ol0g4jd,189347.0,2015/3/30
408,422,13303900,9684876,9330084-3,0,IN,G06N,2w5mf75onn8h,189347.0,2015/3/30
409,342,12648593,9430558,9330084-3,0,IN,G06N,2w5mf75onn8h,189347.0,2015/4/8
410,78,547449,10380498,10073892-2,0,IN,G06N,gby60ol0g4jd,19559.0,2015/5/22
411,79,547451,10380498,5708796-2,0,IN,G06N,gby60ol0g4jd,19559.0,2015/5/22
412,80,547452,10380498,8751618-3,0,IN,G06N,gby60ol0g4jd,19559.0,2015/5/22
413,419,13303874,9684868,8140364-2,0,IN,G06N,dp903o1s35c1,189347.0,2015/5/7
417,44,360314,10229361,9936062-1,0,IN,G06N,gby60ol0g4jd,189347.0,2015/6/18
416,17,251850,10152677,10147046-2,0,IN,G06N,gby60ol0g4jd,189347.0,2015/6/18
414,43,360313,10229361,7180648-2,0,IN,G06N,u63z8sszmcyb,189347.0,2015/6/18
415,18,251851,10152677,10147046-3,0,IN,G06N,gby60ol0g4jd,189347.0,2015/6/18
418,91,647431,10474954,10057112-2,0,IN,G06N,r095q97996hj,248438.0,2015/6/29
419,92,647432,10474954,10089334-2,0,IN,G06N,zncvm50voooh,248438.0,2015/6/29
420,57,483535,10325204,8170356-3,0,IN,G06N,gby60ol0g4jd,59098.0,2015/7/6
421,12,164198,10095979,8286074-1,0,IN,G06N,gby60ol0g4jd,189347.0,2015/7/6
422,13,164199,10095979,9043230-1,0,IN,G06N,gby60ol0g4jd,189347.0,2015/7/6
423,14,164200,10095979,9218565-1,0,IN,G06N,gby60ol0g4jd,189347.0,2015/7/6
424,58,483536,10325204,8665376-2,0,IN,G06N,gby60ol0g4jd,59098.0,2015/7/6
427,368,12871773,9514420,9287003-2,0,IN,G06N,9u8xbgru8p78,223156.0,2015/8/12
429,370,12871775,9514420,9514420-3,0,IN,G06N,mcvt62xzud0w,223156.0,2015/8/12
428,367,12871772,9514420,8929159-2,0,IN,G06N,gby60ol0g4jd,223156.0,2015/8/12
425,371,12871776,9514420,9514420-5,0,IN,G06N,6px9udpql3mx,223156.0,2015/8/12
426,369,12871774,9514420,9514420-1,0,IN,G06N,gby60ol0g4jd,223156.0,2015/8/12
430,41,334960,10210453,10210453-2,0,IN,G06N,24n934aekjoa,377122.0,2015/8/17
431,42,334961,10210453,7219628-1,0,IN,G06N,1bqus0uyw8x5,377122.0,2015/8/17
432,424,13317819,9690627,8620800-4,0,IN,G06N,gby60ol0g4jd,189347.0,2015/9/1
433,40,326208,10204307,10204307-1,0,IN,G06N,2w5mf75onn8h,233859.0,2015/9/17
435,84,588632,10417578,7516397-3,0,IN,G06N,gby60ol0g4jd,362161.0,2015/9/25
436,85,588633,10417578,9746332-5,0,IN,G06N,ro1y18ekr3rb,362161.0,2015/9/25
434,83,588631,10417578,10417578-2,0,IN,G06N,sfrhwbt1xne0,362161.0,2015/9/25
439,343,12649655,9430952,6381444-4,0,IN,G06N,u3nw8bgtxuas,189347.0,2015/9/28
440,344,12649656,9430952,9063991-2,0,IN,G06N,gby60ol0g4jd,189347.0,2015/9/28
437,346,12649658,9430952,9418566-3,0,IN,G06N,gby60ol0g4jd,189347.0,2015/9/28
438,345,12649657,9430952,9311295-1,0,IN,G06N,ro1y18ekr3rb,189347.0,2015/9/28
442,387,13048785,9582408,9529700-2,0,IN,G06N,gby60ol0g4jd,355180.0,2015/9/3
443,388,13048786,9582408,9582408-2,0,IN,G06N,gby60ol0g4jd,355180.0,2015/9/3
441,386,13048784,9582408,8351579-1,0,IN,G06N,6k3pgvchllz8,355180.0,2015/9/3
444,389,13048787,9582408,9582408-4,0,IN,G06N,gby60ol0g4jd,355180.0,2015/9/3
446,49,448047,10296833,9342692-2,0,IN,G06N,gby60ol0g4jd,189347.0,2015/9/4
445,48,448046,10296833,8543552-3,0,IN,G06N,6k3pgvchllz8,189347.0,2015/9/4
447,47,448045,10296833,7194744-1,0,IN,G06N,1bqus0uyw8x5,189347.0,2015/9/4
